<?xml version="1.0"?>
<!DOCTYPE module PUBLIC
          "-//Checkstyle//DTD Checkstyle Configuration 1.3//EN"
          "https://checkstyle.org/dtds/configuration_1_3.dtd">

<module name="Checker">
  <module name="SuppressWarningsFilter" />
  <module name="FileTabCharacter" />
  <!-- git checkout may change linefeeds on the fly
  <module name="RegexpMultiline">
      <property name="format" value="(?s:(\r\n|\r).*)" />
      <property name="message" value="CRLF and CR line endings are prohibited, but this file uses them." />
  </module>
  -->
  <module name="TreeWalker">
    <module name="AvoidNestedBlocks" />
    <module name="ConstantName" />
    <module name="EmptyCatchBlock" />
    <module name="EmptyStatement" />
    <module name="MissingOverride" />
    <module name="MultipleVariableDeclarations" />
    <module name="ParameterAssignment" />
    <module name="StringLiteralEquality" />
    <module name="RedundantImport" />
    <module name="UnusedImports" />

    <module name="WhitespaceAfter" />

    <module name="NeedBraces" />
    <module name="UnnecessaryParentheses" />
    <module name="LeftCurly" />
    <module name="RightCurly" />

    <module name="SuppressWarningsHolder" />
  </module>
</module>
