<?xml version="1.0"?>

<!DOCTYPE suppressions PUBLIC
    "-//Checkstyle//DTD SuppressionFilter Configuration 1.2//EN"
    "https://checkstyle.org/dtds/suppressions_1_2.dtd">

<suppressions>
  <!-- can't split long messages between lines -->
  <suppress id="lineLengthXml" files="google_checks\.xml" lines="56,126"/>
  <!-- don't validate generated files -->
  <suppress id="lineLengthXml" files="releasenotes\.xml"/>
  <suppress id="lineLengthXml" files="[\\/]meta[\\/]"/>

  <suppress checks="FileLength"
             files="TokenTypes.java|IndentationCheckTest.java"
             lines="1"/>

  <!-- illegal words are part of Javadoc -->
  <suppress checks="TodoComment" files=".*TodoCommentCheck\.java"/>

  <!-- 'Abstract' pattern is used to show it is checking for abstract class name -->
  <suppress checks="AbstractClassNameCheck"
             files="AbstractClassNameCheck.java"/>
  <!-- test should be named as their main class -->
  <suppress checks="AbstractClassNameCheck"
             files="AbstractCheckTest.java|AbstractClassNameCheckTest.java|
                    |AbstractJavadocCheckTest.java|
                    |AbstractViolationReporterTest.java|AbstractFileSetCheckTest.java"/>

  <!-- Tone down the checking for test code -->
  <suppress checks="ExecutableStatementCount|JavaNCSS|BooleanExpressionComplexity|
                    |NestedIfDepth|MethodLength"
             files="[\\/]XdocsPagesTest\.java"/>

  <!-- till https://github.com/checkstyle/checkstyle/issues/6336 -->
  <suppress checks="JavadocMethod" files=".*AbstractIndentationTestSupport\.java"/>
  <suppress checks="JavadocMethod" files=".*AbstractModuleTestSupport\.java"/>
  <suppress checks="JavadocMethod" files=".*AbstractXpathTestSupport\.java"/>
  <suppress checks="JavadocMethod" files=".*AbstractModuleTestSupport\.java"/>
  <suppress checks="JavadocMethod" files=".*AbstractPathTestSupport\.java"/>
  <suppress checks="JavadocMethod" files=".*AbstractXmlTestSupport\.java"/>

  <!-- The Check generates too many violations, fixing them will make code unmanageable. -->
  <suppress checks="MagicNumber" files="(ParseTreeTablePresentation|MainFrame)\.java"/>

  <!-- Methods that build fake AST are very long -->
  <suppress checks="MethodLength" files=".*(Generated)?Java(doc)?TokenTypesTest\.java"/>
  <suppress checks="ExecutableStatementCount"
             files=".*(Generated)?Java(doc)?TokenTypesTest\.java"/>
  <suppress checks="JavaNCSS" files=".*(Generated)?Java(doc)?TokenTypesTest\.java"/>
  <suppress checks="ExecutableStatementCount" files=".*IllegalInstantiationCheckTest\.java"/>
  <suppress checks="ExecutableStatementCount" files=".*Main\.java"/>

  <!-- Till https://github.com/checkstyle/checkstyle/issues/1854 -->
  <suppress checks="TrailingComment"
       files="(InnerAssignmentCheck\.java|OperatorWrapCheck\.java|
              |AbbreviationAsWordInNameCheckTest\.java)"/>

  <!-- Fixing these cases will decrease code readability -->
  <suppress checks="MultipleStringLiterals" files="JavadocStyleCheck\.java|XMLLogger\.java|SarifLogger\.java"/>

  <!-- There are a lot of setters/getters in the Check.
     A small number of methods is left for Check's logic -->
  <suppress checks="MethodCount" files="[\\/]JavadocMethodCheck.java$"/>
  <!-- Apart from a complex logic there is a lot of small methods for a better readability. -->
  <suppress checks="MethodCount" files="[\\/]CommentsIndentationCheck.java$"/>
  <!-- VisibilityModifierCheck has 7 options which require 7 additional methods (setters) -->
  <suppress checks="MethodCount" files="[\\/]VisibilityModifierCheck.java$"/>
  <!-- RequireThisCheck has a hierarchy of nested classes which contains a lot of methods. -->
  <suppress checks="MethodCount" files="[\\/]RequireThisCheck.java$"/>

  <!-- we need that set of converters -->
  <suppress checks="ClassDataAbstractionCoupling" files="AutomaticBean\.java"/>
  <!-- they are aggregators of logic, usage a several of classes are ok -->
  <suppress checks="ClassDataAbstractionCoupling"
             files="(Checker|Main|CheckstyleAntTask|JavadocDetailNodeParser)\.java"/>
  <suppress checks="ClassDataAbstractionCoupling"
             files="(CheckerTest|AbstractModuleTestSupport|AbstractItModuleTestSupport|
                    |CheckstyleAntTaskTest|DefaultLoggerTest|
                    |TranslationCheckTest|ViolationTest|AbstractFileSetCheckTest|
                    |AbstractCheckTest|AutomaticBeanTest)\.java"/>
  <suppress checks="ClassDataAbstractionCoupling" files="PropertyCacheFileTest\.java"/>
  <suppress checks="ClassDataAbstractionCoupling"
             files="XpathFileGeneratorAuditListenerTest\.java"/>
  <suppress checks="ClassFanOutComplexity" files="[\\/]Main\.java"/>
  <suppress checks="ClassFanOutComplexity" files="CheckstyleAntTask\.java"/>
  <suppress checks="ClassFanOutComplexity" files="CheckerTest\.java"/>
  <suppress checks="ClassFanOutComplexity" files="Checker\.java"/>
  <!-- a lot of GUI elements is OK -->
  <suppress checks="ClassDataAbstractionCoupling" files="(TreeTable|MainFrame)\.java"/>

  <!-- Should be fixed after moving
  https://github.com/sevntu-checkstyle/sevntu.checkstyle/blob/master/sevntu-checks/src/main/java/com/github/sevntu/checkstyle/checks/coding/ReturnCountExtendedCheck.java
  into the main repo, to allow skip guard sentences(or by topLinesToIgnoreCount) -->
  <suppress checks="ReturnCount" files="(ConfigurationLoader|LambdaHandler)\.java"/>

  <!-- HandlerFactory crosses allowed limit for executable statements -->
  <suppress checks="ExecutableStatementCount" files="HandlerFactory\.java"/>

  <suppress id="ImportControlTest" files="[\\/]powermock[\\/]"
       message=".* - org\.(powermock|mockito).*" />

  <suppress id="noSourceforgeNetLinks" files="[\\/]releasenotes.xml"/>
  <suppress id="noSourceforgeIoLinks" files="[\\/]google_style.xml" lines="31"/>
  <suppress id="noSourceforgeIoLinks" files="[\\/]sun_style.xml" lines="31"/>
  <suppress id="noSourceforgeIoLinks" files="[\\/]index.xml.vm"/>

  <!-- usage of div class="wrap-content" render even indented content properly -->
  <suppress id="noIndentationConfigExamples" files="[\\/]src[\\/]xdocs[\\/]writingchecks.xml"/>
  <suppress id="noIndentationConfigExamples"
    files="[\\/]src[\\/]xdocs[\\/]beginning_development.xml"/>

  <!-- until https://github.com/checkstyle/checkstyle/issues/5234 -->
  <suppress id="MatchXPathBranchContains" files="[\\/]DetailAstImplTest.java"/>

  <!-- until https://github.com/checkstyle/checkstyle/issues/9142 -->
  <suppress id="ImportControlTest"
            files="[\\/]src[\\/]it[\\/]java[\\/]org[\\/]checkstyle[\\/]base[\\/]AbstractItModuleTestSupport.java"/>
  <suppress id="ImportControlTest"
            files="[\\/]src[\\/]it[\\/]java[\\/]org[\\/]checkstyle[\\/]suppressionxpathfilter[\\/]AbstractXpathTestSupport.java"/>
  <suppress id="ImportControlTest"
            files="[\\/]src[\\/]test[\\/]java[\\/]com[\\/]puppycrawl[\\/]tools[\\/]checkstyle[\\/]AbstractXmlTestSupport.java"/>
  <suppress id="ImportControlTest"
            files="[\\/]src[\\/]test[\\/]java[\\/]com[\\/]puppycrawl[\\/]tools[\\/]checkstyle[\\/]AstTreeStringPrinterTest.java"/>
  <suppress id="ImportControlTest"
            files="[\\/]src[\\/]test[\\/]java[\\/]com[\\/]puppycrawl[\\/]tools[\\/]checkstyle[\\/]AuditEventDefaultFormatterTest.java"/>
  <suppress id="ImportControlTest"
            files="[\\/]src[\\/]test[\\/]java[\\/]com[\\/]puppycrawl[\\/]tools[\\/]checkstyle[\\/]CheckerTest.java"/>
  <suppress id="ImportControlTest"
            files="[\\/]src[\\/]test[\\/]java[\\/]com[\\/]puppycrawl[\\/]tools[\\/]checkstyle[\\/]ConfigurationLoaderTest.java"/>
  <suppress id="ImportControlTest"
            files="[\\/]src[\\/]test[\\/]java[\\/]com[\\/]puppycrawl[\\/]tools[\\/]checkstyle[\\/]DefaultConfigurationTest.java"/>
  <suppress id="ImportControlTest"
            files="[\\/]src[\\/]test[\\/]java[\\/]com[\\/]puppycrawl[\\/]tools[\\/]checkstyle[\\/]DefaultLoggerTest.java"/>
  <suppress id="ImportControlTest"
            files="[\\/]src[\\/]test[\\/]java[\\/]com[\\/]puppycrawl[\\/]tools[\\/]checkstyle[\\/]DefinitionsTest.java"/>
  <suppress id="ImportControlTest"
            files="[\\/]src[\\/]test[\\/]java[\\/]com[\\/]puppycrawl[\\/]tools[\\/]checkstyle[\\/]DetailAstImplTest.java"/>
  <suppress id="ImportControlTest"
            files="[\\/]src[\\/]test[\\/]java[\\/]com[\\/]puppycrawl[\\/]tools[\\/]checkstyle[\\/]DetailNodeTreeStringPrinterTest.java"/>
  <suppress id="ImportControlTest"
            files="[\\/]src[\\/]test[\\/]java[\\/]com[\\/]puppycrawl[\\/]tools[\\/]checkstyle[\\/]JavaParserTest.java"/>
  <suppress id="ImportControlTest"
            files="[\\/]src[\\/]test[\\/]java[\\/]com[\\/]puppycrawl[\\/]tools[\\/]checkstyle[\\/]JavadocDetailNodeParserTest.java"/>
  <suppress id="ImportControlTest"
            files="[\\/]src[\\/]test[\\/]java[\\/]com[\\/]puppycrawl[\\/]tools[\\/]checkstyle[\\/]JavadocPropertiesGeneratorTest.java"/>
  <suppress id="ImportControlTest"
            files="[\\/]src[\\/]test[\\/]java[\\/]com[\\/]puppycrawl[\\/]tools[\\/]checkstyle[\\/]MainTest.java"/>
  <suppress id="ImportControlTest"
            files="[\\/]src[\\/]test[\\/]java[\\/]com[\\/]puppycrawl[\\/]tools[\\/]checkstyle[\\/]PackageNamesLoaderTest.java"/>
  <suppress id="ImportControlTest"
            files="[\\/]src[\\/]test[\\/]java[\\/]com[\\/]puppycrawl[\\/]tools[\\/]checkstyle[\\/]PackageObjectFactoryTest.java"/>
  <suppress id="ImportControlTest"
            files="[\\/]src[\\/]test[\\/]java[\\/]com[\\/]puppycrawl[\\/]tools[\\/]checkstyle[\\/]PropertiesExpanderTest.java"/>
  <suppress id="ImportControlTest"
            files="[\\/]src[\\/]test[\\/]java[\\/]com[\\/]puppycrawl[\\/]tools[\\/]checkstyle[\\/]PropertyCacheFileTest.java"/>
  <suppress id="ImportControlTest"
            files="[\\/]src[\\/]test[\\/]java[\\/]com[\\/]puppycrawl[\\/]tools[\\/]checkstyle[\\/]SarifLoggerTest.java"/>
  <suppress id="ImportControlTest"
            files="[\\/]src[\\/]test[\\/]java[\\/]com[\\/]puppycrawl[\\/]tools[\\/]checkstyle[\\/]SuppressionsStringPrinterTest.java"/>
  <suppress id="ImportControlTest"
            files="[\\/]src[\\/]test[\\/]java[\\/]com[\\/]puppycrawl[\\/]tools[\\/]checkstyle[\\/]ThreadModeSettingsTest.java"/>
  <suppress id="ImportControlTest"
            files="[\\/]src[\\/]test[\\/]java[\\/]com[\\/]puppycrawl[\\/]tools[\\/]checkstyle[\\/]TreeWalkerTest.java"/>
  <suppress id="ImportControlTest"
            files="[\\/]src[\\/]test[\\/]java[\\/]com[\\/]puppycrawl[\\/]tools[\\/]checkstyle[\\/]XMLLoggerTest.java"/>
  <suppress id="ImportControlTest"
            files="[\\/]src[\\/]test[\\/]java[\\/]com[\\/]puppycrawl[\\/]tools[\\/]checkstyle[\\/]XmlLoaderTest.java"/>
  <suppress id="ImportControlTest"
            files="[\\/]src[\\/]test[\\/]java[\\/]com[\\/]puppycrawl[\\/]tools[\\/]checkstyle[\\/]XpathFileGeneratorAstFilterTest.java"/>
  <suppress id="ImportControlTest"
            files="[\\/]src[\\/]test[\\/]java[\\/]com[\\/]puppycrawl[\\/]tools[\\/]checkstyle[\\/]XpathFileGeneratorAuditListenerTest.java"/>
  <suppress id="ImportControlTest"
            files="[\\/]src[\\/]test[\\/]java[\\/]com[\\/]puppycrawl[\\/]tools[\\/]checkstyle[\\/]ant[\\/]CheckstyleAntTaskTest.java"/>
  <suppress id="ImportControlTest"
            files="[\\/]src[\\/]test[\\/]java[\\/]com[\\/]puppycrawl[\\/]tools[\\/]checkstyle[\\/]api[\\/]AbstractCheckTest.java"/>
  <suppress id="ImportControlTest"
            files="[\\/]src[\\/]test[\\/]java[\\/]com[\\/]puppycrawl[\\/]tools[\\/]checkstyle[\\/]api[\\/]FullIdentTest.java"/>
  <suppress id="ImportControlTest"
            files="[\\/]src[\\/]test[\\/]java[\\/]com[\\/]puppycrawl[\\/]tools[\\/]checkstyle[\\/]api[\\/]JavadocTokenTypesTest.java"/>
  <suppress id="ImportControlTest"
            files="[\\/]src[\\/]test[\\/]java[\\/]com[\\/]puppycrawl[\\/]tools[\\/]checkstyle[\\/]api[\\/]ScopeTest.java"/>
  <suppress id="ImportControlTest"
            files="[\\/]src[\\/]test[\\/]java[\\/]com[\\/]puppycrawl[\\/]tools[\\/]checkstyle[\\/]api[\\/]SeverityLevelCounterTest.java"/>
  <suppress id="ImportControlTest"
            files="[\\/]src[\\/]test[\\/]java[\\/]com[\\/]puppycrawl[\\/]tools[\\/]checkstyle[\\/]api[\\/]SeverityLevelTest.java"/>
  <suppress id="ImportControlTest"
            files="[\\/]src[\\/]test[\\/]java[\\/]com[\\/]puppycrawl[\\/]tools[\\/]checkstyle[\\/]api[\\/]TokenTypesTest.java"/>
  <suppress id="ImportControlTest"
            files="[\\/]src[\\/]test[\\/]java[\\/]com[\\/]puppycrawl[\\/]tools[\\/]checkstyle[\\/]api[\\/]ViolationTest.java"/>
  <suppress id="ImportControlTest"
            files="[\\/]src[\\/]test[\\/]java[\\/]com[\\/]puppycrawl[\\/]tools[\\/]checkstyle[\\/]checks[\\/]ArrayTypeStyleCheckTest.java"/>
  <suppress id="ImportControlTest"
            files="[\\/]src[\\/]test[\\/]java[\\/]com[\\/]puppycrawl[\\/]tools[\\/]checkstyle[\\/]checks[\\/]AvoidEscapedUnicodeCharactersCheckTest.java"/>
  <suppress id="ImportControlTest"
            files="[\\/]src[\\/]test[\\/]java[\\/]com[\\/]puppycrawl[\\/]tools[\\/]checkstyle[\\/]checks[\\/]NewlineAtEndOfFileCheckTest.java"/>
  <suppress id="ImportControlTest"
            files="[\\/]src[\\/]test[\\/]java[\\/]com[\\/]puppycrawl[\\/]tools[\\/]checkstyle[\\/]checks[\\/]OrderedPropertiesCheckTest.java"/>
  <suppress id="ImportControlTest"
            files="[\\/]src[\\/]test[\\/]java[\\/]com[\\/]puppycrawl[\\/]tools[\\/]checkstyle[\\/]checks[\\/]OuterTypeFilenameCheckTest.java"/>
  <suppress id="ImportControlTest"
            files="[\\/]src[\\/]test[\\/]java[\\/]com[\\/]puppycrawl[\\/]tools[\\/]checkstyle[\\/]checks[\\/]SuppressWarningsHolderTest.java"/>
  <suppress id="ImportControlTest"
            files="[\\/]src[\\/]test[\\/]java[\\/]com[\\/]puppycrawl[\\/]tools[\\/]checkstyle[\\/]checks[\\/]TodoCommentCheckTest.java"/>
  <suppress id="ImportControlTest"
            files="[\\/]src[\\/]test[\\/]java[\\/]com[\\/]puppycrawl[\\/]tools[\\/]checkstyle[\\/]checks[\\/]TrailingCommentCheckTest.java"/>
  <suppress id="ImportControlTest"
            files="[\\/]src[\\/]test[\\/]java[\\/]com[\\/]puppycrawl[\\/]tools[\\/]checkstyle[\\/]checks[\\/]TranslationCheckTest.java"/>
  <suppress id="ImportControlTest"
            files="[\\/]src[\\/]test[\\/]java[\\/]com[\\/]puppycrawl[\\/]tools[\\/]checkstyle[\\/]checks[\\/]UncommentedMainCheckTest.java"/>
  <suppress id="ImportControlTest"
            files="[\\/]src[\\/]test[\\/]java[\\/]com[\\/]puppycrawl[\\/]tools[\\/]checkstyle[\\/]checks[\\/]UniquePropertiesCheckTest.java"/>
  <suppress id="ImportControlTest"
            files="[\\/]src[\\/]test[\\/]java[\\/]com[\\/]puppycrawl[\\/]tools[\\/]checkstyle[\\/]checks[\\/]UpperEllCheckTest.java"/>
  <suppress id="ImportControlTest"
            files="[\\/]src[\\/]test[\\/]java[\\/]com[\\/]puppycrawl[\\/]tools[\\/]checkstyle[\\/]checks[\\/]annotation[\\/]AnnotationLocationCheckTest.java"/>
  <suppress id="ImportControlTest"
            files="[\\/]src[\\/]test[\\/]java[\\/]com[\\/]puppycrawl[\\/]tools[\\/]checkstyle[\\/]checks[\\/]annotation[\\/]AnnotationOnSameLineCheckTest.java"/>
  <suppress id="ImportControlTest"
            files="[\\/]src[\\/]test[\\/]java[\\/]com[\\/]puppycrawl[\\/]tools[\\/]checkstyle[\\/]checks[\\/]annotation[\\/]AnnotationUseStyleCheckTest.java"/>
  <suppress id="ImportControlTest"
            files="[\\/]src[\\/]test[\\/]java[\\/]com[\\/]puppycrawl[\\/]tools[\\/]checkstyle[\\/]checks[\\/]annotation[\\/]MissingDeprecatedCheckTest.java"/>
  <suppress id="ImportControlTest"
            files="[\\/]src[\\/]test[\\/]java[\\/]com[\\/]puppycrawl[\\/]tools[\\/]checkstyle[\\/]checks[\\/]annotation[\\/]MissingOverrideCheckTest.java"/>
  <suppress id="ImportControlTest"
            files="[\\/]src[\\/]test[\\/]java[\\/]com[\\/]puppycrawl[\\/]tools[\\/]checkstyle[\\/]checks[\\/]annotation[\\/]PackageAnnotationCheckTest.java"/>
  <suppress id="ImportControlTest"
            files="[\\/]src[\\/]test[\\/]java[\\/]com[\\/]puppycrawl[\\/]tools[\\/]checkstyle[\\/]checks[\\/]blocks[\\/]AvoidNestedBlocksCheckTest.java"/>
  <suppress id="ImportControlTest"
            files="[\\/]src[\\/]test[\\/]java[\\/]com[\\/]puppycrawl[\\/]tools[\\/]checkstyle[\\/]checks[\\/]blocks[\\/]EmptyBlockCheckTest.java"/>
  <suppress id="ImportControlTest"
            files="[\\/]src[\\/]test[\\/]java[\\/]com[\\/]puppycrawl[\\/]tools[\\/]checkstyle[\\/]checks[\\/]blocks[\\/]EmptyCatchBlockCheckTest.java"/>
  <suppress id="ImportControlTest"
            files="[\\/]src[\\/]test[\\/]java[\\/]com[\\/]puppycrawl[\\/]tools[\\/]checkstyle[\\/]checks[\\/]blocks[\\/]LeftCurlyCheckTest.java"/>
  <suppress id="ImportControlTest"
            files="[\\/]src[\\/]test[\\/]java[\\/]com[\\/]puppycrawl[\\/]tools[\\/]checkstyle[\\/]checks[\\/]blocks[\\/]RightCurlyCheckTest.java"/>
  <suppress id="ImportControlTest"
            files="[\\/]src[\\/]test[\\/]java[\\/]com[\\/]puppycrawl[\\/]tools[\\/]checkstyle[\\/]checks[\\/]coding[\\/]ArrayTrailingCommaCheckTest.java"/>
  <suppress id="ImportControlTest"
            files="[\\/]src[\\/]test[\\/]java[\\/]com[\\/]puppycrawl[\\/]tools[\\/]checkstyle[\\/]checks[\\/]coding[\\/]AvoidDoubleBraceInitializationCheckTest.java"/>
  <suppress id="ImportControlTest"
            files="[\\/]src[\\/]test[\\/]java[\\/]com[\\/]puppycrawl[\\/]tools[\\/]checkstyle[\\/]checks[\\/]coding[\\/]AvoidInlineConditionalsCheckTest.java"/>
  <suppress id="ImportControlTest"
            files="[\\/]src[\\/]test[\\/]java[\\/]com[\\/]puppycrawl[\\/]tools[\\/]checkstyle[\\/]checks[\\/]coding[\\/]AvoidNoArgumentSuperConstructorCallCheckTest.java"/>
  <suppress id="ImportControlTest"
            files="[\\/]src[\\/]test[\\/]java[\\/]com[\\/]puppycrawl[\\/]tools[\\/]checkstyle[\\/]checks[\\/]coding[\\/]CovariantEqualsCheckTest.java"/>
  <suppress id="ImportControlTest"
            files="[\\/]src[\\/]test[\\/]java[\\/]com[\\/]puppycrawl[\\/]tools[\\/]checkstyle[\\/]checks[\\/]coding[\\/]DeclarationOrderCheckTest.java"/>
  <suppress id="ImportControlTest"
            files="[\\/]src[\\/]test[\\/]java[\\/]com[\\/]puppycrawl[\\/]tools[\\/]checkstyle[\\/]checks[\\/]coding[\\/]DefaultComesLastCheckTest.java"/>
  <suppress id="ImportControlTest"
            files="[\\/]src[\\/]test[\\/]java[\\/]com[\\/]puppycrawl[\\/]tools[\\/]checkstyle[\\/]checks[\\/]coding[\\/]EmptyStatementCheckTest.java"/>
  <suppress id="ImportControlTest"
            files="[\\/]src[\\/]test[\\/]java[\\/]com[\\/]puppycrawl[\\/]tools[\\/]checkstyle[\\/]checks[\\/]coding[\\/]EqualsHashCodeCheckTest.java"/>
  <suppress id="ImportControlTest"
            files="[\\/]src[\\/]test[\\/]java[\\/]com[\\/]puppycrawl[\\/]tools[\\/]checkstyle[\\/]checks[\\/]coding[\\/]EqualsAvoidNullCheckTest.java"/>
  <suppress id="ImportControlTest"
            files="[\\/]src[\\/]test[\\/]java[\\/]com[\\/]puppycrawl[\\/]tools[\\/]checkstyle[\\/]checks[\\/]coding[\\/]ExplicitInitializationCheckTest.java"/>
  <suppress id="ImportControlTest"
            files="[\\/]src[\\/]test[\\/]java[\\/]com[\\/]puppycrawl[\\/]tools[\\/]checkstyle[\\/]checks[\\/]coding[\\/]FallThroughCheckTest.java"/>
  <suppress id="ImportControlTest"
            files="[\\/]src[\\/]test[\\/]java[\\/]com[\\/]puppycrawl[\\/]tools[\\/]checkstyle[\\/]checks[\\/]coding[\\/]FinalLocalVariableCheckTest.java"/>
  <suppress id="ImportControlTest"
            files="[\\/]src[\\/]test[\\/]java[\\/]com[\\/]puppycrawl[\\/]tools[\\/]checkstyle[\\/]checks[\\/]coding[\\/]HiddenFieldCheckTest.java"/>
  <suppress id="ImportControlTest"
            files="[\\/]src[\\/]test[\\/]java[\\/]com[\\/]puppycrawl[\\/]tools[\\/]checkstyle[\\/]checks[\\/]coding[\\/]IllegalCatchCheckTest.java"/>
  <suppress id="ImportControlTest"
            files="[\\/]src[\\/]test[\\/]java[\\/]com[\\/]puppycrawl[\\/]tools[\\/]checkstyle[\\/]checks[\\/]coding[\\/]IllegalInstantiationCheckTest.java"/>
  <suppress id="ImportControlTest"
            files="[\\/]src[\\/]test[\\/]java[\\/]com[\\/]puppycrawl[\\/]tools[\\/]checkstyle[\\/]checks[\\/]coding[\\/]IllegalThrowsCheckTest.java"/>
  <suppress id="ImportControlTest"
            files="[\\/]src[\\/]test[\\/]java[\\/]com[\\/]puppycrawl[\\/]tools[\\/]checkstyle[\\/]checks[\\/]coding[\\/]IllegalTokenTextCheckTest.java"/>
  <suppress id="ImportControlTest"
            files="[\\/]src[\\/]test[\\/]java[\\/]com[\\/]puppycrawl[\\/]tools[\\/]checkstyle[\\/]checks[\\/]coding[\\/]IllegalTypeCheckTest.java"/>
  <suppress id="ImportControlTest"
            files="[\\/]src[\\/]test[\\/]java[\\/]com[\\/]puppycrawl[\\/]tools[\\/]checkstyle[\\/]checks[\\/]coding[\\/]InnerAssignmentCheckTest.java"/>
  <suppress id="ImportControlTest"
            files="[\\/]src[\\/]test[\\/]java[\\/]com[\\/]puppycrawl[\\/]tools[\\/]checkstyle[\\/]checks[\\/]coding[\\/]MissingCtorCheckTest.java"/>
  <suppress id="ImportControlTest"
            files="[\\/]src[\\/]test[\\/]java[\\/]com[\\/]puppycrawl[\\/]tools[\\/]checkstyle[\\/]checks[\\/]coding[\\/]MissingSwitchDefaultCheckTest.java"/>
  <suppress id="ImportControlTest"
            files="[\\/]src[\\/]test[\\/]java[\\/]com[\\/]puppycrawl[\\/]tools[\\/]checkstyle[\\/]checks[\\/]coding[\\/]ModifiedControlVariableCheckTest.java"/>
  <suppress id="ImportControlTest"
            files="[\\/]src[\\/]test[\\/]java[\\/]com[\\/]puppycrawl[\\/]tools[\\/]checkstyle[\\/]checks[\\/]coding[\\/]MultipleStringLiteralsCheckTest.java"/>
  <suppress id="ImportControlTest"
            files="[\\/]src[\\/]test[\\/]java[\\/]com[\\/]puppycrawl[\\/]tools[\\/]checkstyle[\\/]checks[\\/]coding[\\/]MultipleVariableDeclarationsCheckTest.java"/>
  <suppress id="ImportControlTest"
            files="[\\/]src[\\/]test[\\/]java[\\/]com[\\/]puppycrawl[\\/]tools[\\/]checkstyle[\\/]checks[\\/]coding[\\/]NestedForDepthCheckTest.java"/>
  <suppress id="ImportControlTest"
            files="[\\/]src[\\/]test[\\/]java[\\/]com[\\/]puppycrawl[\\/]tools[\\/]checkstyle[\\/]checks[\\/]coding[\\/]NestedIfDepthCheckTest.java"/>
  <suppress id="ImportControlTest"
            files="[\\/]src[\\/]test[\\/]java[\\/]com[\\/]puppycrawl[\\/]tools[\\/]checkstyle[\\/]checks[\\/]coding[\\/]NestedTryDepthCheckTest.java"/>
  <suppress id="ImportControlTest"
            files="[\\/]src[\\/]test[\\/]java[\\/]com[\\/]puppycrawl[\\/]tools[\\/]checkstyle[\\/]checks[\\/]coding[\\/]NoArrayTrailingCommaCheckTest.java"/>
  <suppress id="ImportControlTest"
            files="[\\/]src[\\/]test[\\/]java[\\/]com[\\/]puppycrawl[\\/]tools[\\/]checkstyle[\\/]checks[\\/]coding[\\/]NoCloneCheckTest.java"/>
  <suppress id="ImportControlTest"
            files="[\\/]src[\\/]test[\\/]java[\\/]com[\\/]puppycrawl[\\/]tools[\\/]checkstyle[\\/]checks[\\/]coding[\\/]NoEnumTrailingCommaCheckTest.java"/>
  <suppress id="ImportControlTest"
            files="[\\/]src[\\/]test[\\/]java[\\/]com[\\/]puppycrawl[\\/]tools[\\/]checkstyle[\\/]checks[\\/]coding[\\/]NoFinalizerCheckTest.java"/>
  <suppress id="ImportControlTest"
            files="[\\/]src[\\/]test[\\/]java[\\/]com[\\/]puppycrawl[\\/]tools[\\/]checkstyle[\\/]checks[\\/]coding[\\/]OneStatementPerLineCheckTest.java"/>
  <suppress id="ImportControlTest"
            files="[\\/]src[\\/]test[\\/]java[\\/]com[\\/]puppycrawl[\\/]tools[\\/]checkstyle[\\/]checks[\\/]coding[\\/]OverloadMethodsDeclarationOrderCheckTest.java"/>
  <suppress id="ImportControlTest"
            files="[\\/]src[\\/]test[\\/]java[\\/]com[\\/]puppycrawl[\\/]tools[\\/]checkstyle[\\/]checks[\\/]coding[\\/]PackageDeclarationCheckTest.java"/>
  <suppress id="ImportControlTest"
            files="[\\/]src[\\/]test[\\/]java[\\/]com[\\/]puppycrawl[\\/]tools[\\/]checkstyle[\\/]checks[\\/]coding[\\/]ParameterAssignmentCheckTest.java"/>
  <suppress id="ImportControlTest"
            files="[\\/]src[\\/]test[\\/]java[\\/]com[\\/]puppycrawl[\\/]tools[\\/]checkstyle[\\/]checks[\\/]coding[\\/]RequireThisCheckTest.java"/>
  <suppress id="ImportControlTest"
            files="[\\/]src[\\/]test[\\/]java[\\/]com[\\/]puppycrawl[\\/]tools[\\/]checkstyle[\\/]checks[\\/]coding[\\/]ReturnCountCheckTest.java"/>
  <suppress id="ImportControlTest"
            files="[\\/]src[\\/]test[\\/]java[\\/]com[\\/]puppycrawl[\\/]tools[\\/]checkstyle[\\/]checks[\\/]coding[\\/]SimplifyBooleanExpressionCheckTest.java"/>
  <suppress id="ImportControlTest"
            files="[\\/]src[\\/]test[\\/]java[\\/]com[\\/]puppycrawl[\\/]tools[\\/]checkstyle[\\/]checks[\\/]coding[\\/]SimplifyBooleanReturnCheckTest.java"/>
  <suppress id="ImportControlTest"
            files="[\\/]src[\\/]test[\\/]java[\\/]com[\\/]puppycrawl[\\/]tools[\\/]checkstyle[\\/]checks[\\/]coding[\\/]StringLiteralEqualityCheckTest.java"/>
  <suppress id="ImportControlTest"
            files="[\\/]src[\\/]test[\\/]java[\\/]com[\\/]puppycrawl[\\/]tools[\\/]checkstyle[\\/]checks[\\/]coding[\\/]SuperCloneCheckTest.java"/>
  <suppress id="ImportControlTest"
            files="[\\/]src[\\/]test[\\/]java[\\/]com[\\/]puppycrawl[\\/]tools[\\/]checkstyle[\\/]checks[\\/]coding[\\/]UnnecessaryParenthesesCheckTest.java"/>
  <suppress id="ImportControlTest"
            files="[\\/]src[\\/]test[\\/]java[\\/]com[\\/]puppycrawl[\\/]tools[\\/]checkstyle[\\/]checks[\\/]coding[\\/]UnnecessarySemicolonAfterOuterTypeDeclarationCheckTest.java"/>
  <suppress id="ImportControlTest"
            files="[\\/]src[\\/]test[\\/]java[\\/]com[\\/]puppycrawl[\\/]tools[\\/]checkstyle[\\/]checks[\\/]coding[\\/]UnnecessarySemicolonAfterTypeMemberDeclarationCheckTest.java"/>
  <suppress id="ImportControlTest"
            files="[\\/]src[\\/]test[\\/]java[\\/]com[\\/]puppycrawl[\\/]tools[\\/]checkstyle[\\/]checks[\\/]coding[\\/]UnnecessarySemicolonInEnumerationCheckTest.java"/>
  <suppress id="ImportControlTest"
            files="[\\/]src[\\/]test[\\/]java[\\/]com[\\/]puppycrawl[\\/]tools[\\/]checkstyle[\\/]checks[\\/]coding[\\/]UnnecessarySemicolonInTryWithResourcesCheckTest.java"/>
  <suppress id="ImportControlTest"
            files="[\\/]src[\\/]test[\\/]java[\\/]com[\\/]puppycrawl[\\/]tools[\\/]checkstyle[\\/]checks[\\/]coding[\\/]VariableDeclarationUsageDistanceCheckTest.java"/>
  <suppress id="ImportControlTest"
            files="[\\/]src[\\/]test[\\/]java[\\/]com[\\/]puppycrawl[\\/]tools[\\/]checkstyle[\\/]checks[\\/]design[\\/]DesignForExtensionCheckTest.java"/>
  <suppress id="ImportControlTest"
            files="[\\/]src[\\/]test[\\/]java[\\/]com[\\/]puppycrawl[\\/]tools[\\/]checkstyle[\\/]checks[\\/]design[\\/]FinalClassCheckTest.java"/>
  <suppress id="ImportControlTest"
            files="[\\/]src[\\/]test[\\/]java[\\/]com[\\/]puppycrawl[\\/]tools[\\/]checkstyle[\\/]checks[\\/]design[\\/]HideUtilityClassConstructorCheckTest.java"/>
  <suppress id="ImportControlTest"
            files="[\\/]src[\\/]test[\\/]java[\\/]com[\\/]puppycrawl[\\/]tools[\\/]checkstyle[\\/]checks[\\/]design[\\/]InnerTypeLastCheckTest.java"/>
  <suppress id="ImportControlTest"
            files="[\\/]src[\\/]test[\\/]java[\\/]com[\\/]puppycrawl[\\/]tools[\\/]checkstyle[\\/]checks[\\/]design[\\/]InterfaceIsTypeCheckTest.java"/>
  <suppress id="ImportControlTest"
            files="[\\/]src[\\/]test[\\/]java[\\/]com[\\/]puppycrawl[\\/]tools[\\/]checkstyle[\\/]checks[\\/]design[\\/]MutableExceptionCheckTest.java"/>
  <suppress id="ImportControlTest"
            files="[\\/]src[\\/]test[\\/]java[\\/]com[\\/]puppycrawl[\\/]tools[\\/]checkstyle[\\/]checks[\\/]design[\\/]OneTopLevelClassCheckTest.java"/>
  <suppress id="ImportControlTest"
            files="[\\/]src[\\/]test[\\/]java[\\/]com[\\/]puppycrawl[\\/]tools[\\/]checkstyle[\\/]checks[\\/]design[\\/]ThrowsCountCheckTest.java"/>
  <suppress id="ImportControlTest"
            files="[\\/]src[\\/]test[\\/]java[\\/]com[\\/]puppycrawl[\\/]tools[\\/]checkstyle[\\/]checks[\\/]design[\\/]VisibilityModifierCheckTest.java"/>
  <suppress id="ImportControlTest"
            files="[\\/]src[\\/]test[\\/]java[\\/]com[\\/]puppycrawl[\\/]tools[\\/]checkstyle[\\/]checks[\\/]header[\\/]HeaderCheckTest.java"/>
  <suppress id="ImportControlTest"
            files="[\\/]src[\\/]test[\\/]java[\\/]com[\\/]puppycrawl[\\/]tools[\\/]checkstyle[\\/]checks[\\/]header[\\/]RegexpHeaderCheckTest.java"/>
  <suppress id="ImportControlTest"
            files="[\\/]src[\\/]test[\\/]java[\\/]com[\\/]puppycrawl[\\/]tools[\\/]checkstyle[\\/]checks[\\/]imports[\\/]AccessResultTest.java"/>
  <suppress id="ImportControlTest"
            files="[\\/]src[\\/]test[\\/]java[\\/]com[\\/]puppycrawl[\\/]tools[\\/]checkstyle[\\/]checks[\\/]imports[\\/]AvoidStarImportCheckTest.java"/>
  <suppress id="ImportControlTest"
            files="[\\/]src[\\/]test[\\/]java[\\/]com[\\/]puppycrawl[\\/]tools[\\/]checkstyle[\\/]checks[\\/]imports[\\/]AvoidStaticImportCheckTest.java"/>
  <suppress id="ImportControlTest"
            files="[\\/]src[\\/]test[\\/]java[\\/]com[\\/]puppycrawl[\\/]tools[\\/]checkstyle[\\/]checks[\\/]imports[\\/]ClassImportRuleTest.java"/>
  <suppress id="ImportControlTest"
            files="[\\/]src[\\/]test[\\/]java[\\/]com[\\/]puppycrawl[\\/]tools[\\/]checkstyle[\\/]checks[\\/]imports[\\/]CustomImportOrderCheckTest.java"/>
  <suppress id="ImportControlTest"
            files="[\\/]src[\\/]test[\\/]java[\\/]com[\\/]puppycrawl[\\/]tools[\\/]checkstyle[\\/]checks[\\/]imports[\\/]FileImportControlTest.java"/>
  <suppress id="ImportControlTest"
            files="[\\/]src[\\/]test[\\/]java[\\/]com[\\/]puppycrawl[\\/]tools[\\/]checkstyle[\\/]checks[\\/]imports[\\/]IllegalImportCheckTest.java"/>
  <suppress id="ImportControlTest"
            files="[\\/]src[\\/]test[\\/]java[\\/]com[\\/]puppycrawl[\\/]tools[\\/]checkstyle[\\/]checks[\\/]imports[\\/]ImportControlCheckTest.java"/>
  <suppress id="ImportControlTest"
            files="[\\/]src[\\/]test[\\/]java[\\/]com[\\/]puppycrawl[\\/]tools[\\/]checkstyle[\\/]checks[\\/]imports[\\/]ImportControlLoaderTest.java"/>
  <suppress id="ImportControlTest"
            files="[\\/]src[\\/]test[\\/]java[\\/]com[\\/]puppycrawl[\\/]tools[\\/]checkstyle[\\/]checks[\\/]imports[\\/]ImportOrderCheckTest.java"/>
  <suppress id="ImportControlTest"
            files="[\\/]src[\\/]test[\\/]java[\\/]com[\\/]puppycrawl[\\/]tools[\\/]checkstyle[\\/]checks[\\/]imports[\\/]PkgImportControlTest.java"/>
  <suppress id="ImportControlTest"
            files="[\\/]src[\\/]test[\\/]java[\\/]com[\\/]puppycrawl[\\/]tools[\\/]checkstyle[\\/]checks[\\/]imports[\\/]PkgImportRuleTest.java"/>
  <suppress id="ImportControlTest"
            files="[\\/]src[\\/]test[\\/]java[\\/]com[\\/]puppycrawl[\\/]tools[\\/]checkstyle[\\/]checks[\\/]imports[\\/]RedundantImportCheckTest.java"/>
  <suppress id="ImportControlTest"
            files="[\\/]src[\\/]test[\\/]java[\\/]com[\\/]puppycrawl[\\/]tools[\\/]checkstyle[\\/]checks[\\/]imports[\\/]UnusedImportsCheckTest.java"/>
  <suppress id="ImportControlTest"
            files="[\\/]src[\\/]test[\\/]java[\\/]com[\\/]puppycrawl[\\/]tools[\\/]checkstyle[\\/]checks[\\/]indentation[\\/]CommentsIndentationCheckTest.java"/>
  <suppress id="ImportControlTest"
            files="[\\/]src[\\/]test[\\/]java[\\/]com[\\/]puppycrawl[\\/]tools[\\/]checkstyle[\\/]checks[\\/]indentation[\\/]IndentationCheckTest.java"/>
  <suppress id="ImportControlTest"
            files="[\\/]src[\\/]test[\\/]java[\\/]com[\\/]puppycrawl[\\/]tools[\\/]checkstyle[\\/]checks[\\/]javadoc[\\/]AbstractJavadocCheckTest.java"/>
  <suppress id="ImportControlTest"
            files="[\\/]src[\\/]test[\\/]java[\\/]com[\\/]puppycrawl[\\/]tools[\\/]checkstyle[\\/]checks[\\/]javadoc[\\/]InvalidJavadocPositionCheckTest.java"/>
  <suppress id="ImportControlTest"
            files="[\\/]src[\\/]test[\\/]java[\\/]com[\\/]puppycrawl[\\/]tools[\\/]checkstyle[\\/]checks[\\/]javadoc[\\/]JavadocBlockTagLocationCheckTest.java"/>
  <suppress id="ImportControlTest"
            files="[\\/]src[\\/]test[\\/]java[\\/]com[\\/]puppycrawl[\\/]tools[\\/]checkstyle[\\/]checks[\\/]javadoc[\\/]JavadocContentLocationCheckTest.java"/>
  <suppress id="ImportControlTest"
            files="[\\/]src[\\/]test[\\/]java[\\/]com[\\/]puppycrawl[\\/]tools[\\/]checkstyle[\\/]checks[\\/]javadoc[\\/]JavadocMethodCheckTest.java"/>
  <suppress id="ImportControlTest"
            files="[\\/]src[\\/]test[\\/]java[\\/]com[\\/]puppycrawl[\\/]tools[\\/]checkstyle[\\/]checks[\\/]javadoc[\\/]JavadocMissingLeadingAsteriskCheckTest.java"/>
  <suppress id="ImportControlTest"
            files="[\\/]src[\\/]test[\\/]java[\\/]com[\\/]puppycrawl[\\/]tools[\\/]checkstyle[\\/]checks[\\/]javadoc[\\/]JavadocMissingWhitespaceAfterAsteriskCheckTest.java"/>
  <suppress id="ImportControlTest"
            files="[\\/]src[\\/]test[\\/]java[\\/]com[\\/]puppycrawl[\\/]tools[\\/]checkstyle[\\/]checks[\\/]javadoc[\\/]JavadocNodeImplTest.java"/>
  <suppress id="ImportControlTest"
            files="[\\/]src[\\/]test[\\/]java[\\/]com[\\/]puppycrawl[\\/]tools[\\/]checkstyle[\\/]checks[\\/]javadoc[\\/]JavadocPackageCheckTest.java"/>
  <suppress id="ImportControlTest"
            files="[\\/]src[\\/]test[\\/]java[\\/]com[\\/]puppycrawl[\\/]tools[\\/]checkstyle[\\/]checks[\\/]javadoc[\\/]JavadocParagraphCheckTest.java"/>
  <suppress id="ImportControlTest"
            files="[\\/]src[\\/]test[\\/]java[\\/]com[\\/]puppycrawl[\\/]tools[\\/]checkstyle[\\/]checks[\\/]javadoc[\\/]JavadocStyleCheckTest.java"/>
  <suppress id="ImportControlTest"
            files="[\\/]src[\\/]test[\\/]java[\\/]com[\\/]puppycrawl[\\/]tools[\\/]checkstyle[\\/]checks[\\/]javadoc[\\/]JavadocTagContinuationIndentationCheckTest.java"/>
  <suppress id="ImportControlTest"
            files="[\\/]src[\\/]test[\\/]java[\\/]com[\\/]puppycrawl[\\/]tools[\\/]checkstyle[\\/]checks[\\/]javadoc[\\/]JavadocTagInfoTest.java"/>
  <suppress id="ImportControlTest"
            files="[\\/]src[\\/]test[\\/]java[\\/]com[\\/]puppycrawl[\\/]tools[\\/]checkstyle[\\/]checks[\\/]javadoc[\\/]JavadocTagTest.java"/>
  <suppress id="ImportControlTest"
            files="[\\/]src[\\/]test[\\/]java[\\/]com[\\/]puppycrawl[\\/]tools[\\/]checkstyle[\\/]checks[\\/]javadoc[\\/]JavadocTypeCheckTest.java"/>
  <suppress id="ImportControlTest"
            files="[\\/]src[\\/]test[\\/]java[\\/]com[\\/]puppycrawl[\\/]tools[\\/]checkstyle[\\/]checks[\\/]javadoc[\\/]JavadocVariableCheckTest.java"/>
  <suppress id="ImportControlTest"
            files="[\\/]src[\\/]test[\\/]java[\\/]com[\\/]puppycrawl[\\/]tools[\\/]checkstyle[\\/]checks[\\/]javadoc[\\/]MissingJavadocMethodCheckTest.java"/>
  <suppress id="ImportControlTest"
            files="[\\/]src[\\/]test[\\/]java[\\/]com[\\/]puppycrawl[\\/]tools[\\/]checkstyle[\\/]checks[\\/]javadoc[\\/]MissingJavadocPackageCheckTest.java"/>
  <suppress id="ImportControlTest"
            files="[\\/]src[\\/]test[\\/]java[\\/]com[\\/]puppycrawl[\\/]tools[\\/]checkstyle[\\/]checks[\\/]javadoc[\\/]MissingJavadocTypeCheckTest.java"/>
  <suppress id="ImportControlTest"
            files="[\\/]src[\\/]test[\\/]java[\\/]com[\\/]puppycrawl[\\/]tools[\\/]checkstyle[\\/]checks[\\/]javadoc[\\/]NonEmptyAtclauseDescriptionCheckTest.java"/>
  <suppress id="ImportControlTest"
            files="[\\/]src[\\/]test[\\/]java[\\/]com[\\/]puppycrawl[\\/]tools[\\/]checkstyle[\\/]checks[\\/]javadoc[\\/]RequireEmptyLineBeforeBlockTagGroupCheckTest.java"/>
  <suppress id="ImportControlTest"
            files="[\\/]src[\\/]test[\\/]java[\\/]com[\\/]puppycrawl[\\/]tools[\\/]checkstyle[\\/]checks[\\/]javadoc[\\/]SingleLineJavadocCheckTest.java"/>
  <suppress id="ImportControlTest"
            files="[\\/]src[\\/]test[\\/]java[\\/]com[\\/]puppycrawl[\\/]tools[\\/]checkstyle[\\/]checks[\\/]javadoc[\\/]SummaryJavadocCheckTest.java"/>
  <suppress id="ImportControlTest"
            files="[\\/]src[\\/]test[\\/]java[\\/]com[\\/]puppycrawl[\\/]tools[\\/]checkstyle[\\/]checks[\\/]javadoc[\\/]WriteTagCheckTest.java"/>
  <suppress id="ImportControlTest"
            files="[\\/]src[\\/]test[\\/]java[\\/]com[\\/]puppycrawl[\\/]tools[\\/]checkstyle[\\/]checks[\\/]javadoc[\\/]utils[\\/]BlockTagUtilTest.java"/>
  <suppress id="ImportControlTest"
            files="[\\/]src[\\/]test[\\/]java[\\/]com[\\/]puppycrawl[\\/]tools[\\/]checkstyle[\\/]checks[\\/]javadoc[\\/]utils[\\/]InlineTagUtilTest.java"/>
  <suppress id="ImportControlTest"
            files="[\\/]src[\\/]test[\\/]java[\\/]com[\\/]puppycrawl[\\/]tools[\\/]checkstyle[\\/]checks[\\/]metrics[\\/]BooleanExpressionComplexityCheckTest.java"/>
  <suppress id="ImportControlTest"
            files="[\\/]src[\\/]test[\\/]java[\\/]com[\\/]puppycrawl[\\/]tools[\\/]checkstyle[\\/]checks[\\/]metrics[\\/]ClassDataAbstractionCouplingCheckTest.java"/>
  <suppress id="ImportControlTest"
            files="[\\/]src[\\/]test[\\/]java[\\/]com[\\/]puppycrawl[\\/]tools[\\/]checkstyle[\\/]checks[\\/]metrics[\\/]ClassFanOutComplexityCheckTest.java"/>
  <suppress id="ImportControlTest"
            files="[\\/]src[\\/]test[\\/]java[\\/]com[\\/]puppycrawl[\\/]tools[\\/]checkstyle[\\/]checks[\\/]metrics[\\/]CyclomaticComplexityCheckTest.java"/>
  <suppress id="ImportControlTest"
            files="[\\/]src[\\/]test[\\/]java[\\/]com[\\/]puppycrawl[\\/]tools[\\/]checkstyle[\\/]checks[\\/]metrics[\\/]JavaNCSSCheckTest.java"/>
  <suppress id="ImportControlTest"
            files="[\\/]src[\\/]test[\\/]java[\\/]com[\\/]puppycrawl[\\/]tools[\\/]checkstyle[\\/]checks[\\/]metrics[\\/]NPathComplexityCheckTest.java"/>
  <suppress id="ImportControlTest"
            files="[\\/]src[\\/]test[\\/]java[\\/]com[\\/]puppycrawl[\\/]tools[\\/]checkstyle[\\/]checks[\\/]modifier[\\/]ClassMemberImpliedModifierCheckTest.java"/>
  <suppress id="ImportControlTest"
            files="[\\/]src[\\/]test[\\/]java[\\/]com[\\/]puppycrawl[\\/]tools[\\/]checkstyle[\\/]checks[\\/]modifier[\\/]InterfaceMemberImpliedModifierCheckTest.java"/>
  <suppress id="ImportControlTest"
            files="[\\/]src[\\/]test[\\/]java[\\/]com[\\/]puppycrawl[\\/]tools[\\/]checkstyle[\\/]checks[\\/]modifier[\\/]ModifierOrderCheckTest.java"/>
  <suppress id="ImportControlTest"
            files="[\\/]src[\\/]test[\\/]java[\\/]com[\\/]puppycrawl[\\/]tools[\\/]checkstyle[\\/]checks[\\/]modifier[\\/]RedundantModifierCheckTest.java"/>
  <suppress id="ImportControlTest"
            files="[\\/]src[\\/]test[\\/]java[\\/]com[\\/]puppycrawl[\\/]tools[\\/]checkstyle[\\/]checks[\\/]naming[\\/]AbstractClassNameCheckTest.java"/>
  <suppress id="ImportControlTest"
            files="[\\/]src[\\/]test[\\/]java[\\/]com[\\/]puppycrawl[\\/]tools[\\/]checkstyle[\\/]checks[\\/]naming[\\/]CatchParameterNameCheckTest.java"/>
  <suppress id="ImportControlTest"
            files="[\\/]src[\\/]test[\\/]java[\\/]com[\\/]puppycrawl[\\/]tools[\\/]checkstyle[\\/]checks[\\/]naming[\\/]ClassTypeParameterNameCheckTest.java"/>
  <suppress id="ImportControlTest"
            files="[\\/]src[\\/]test[\\/]java[\\/]com[\\/]puppycrawl[\\/]tools[\\/]checkstyle[\\/]checks[\\/]naming[\\/]ConstantNameCheckTest.java"/>
  <suppress id="ImportControlTest"
            files="[\\/]src[\\/]test[\\/]java[\\/]com[\\/]puppycrawl[\\/]tools[\\/]checkstyle[\\/]checks[\\/]naming[\\/]IllegalIdentifierNameCheckTest.java"/>
  <suppress id="ImportControlTest"
            files="[\\/]src[\\/]test[\\/]java[\\/]com[\\/]puppycrawl[\\/]tools[\\/]checkstyle[\\/]checks[\\/]naming[\\/]InterfaceTypeParameterNameCheckTest.java"/>
  <suppress id="ImportControlTest"
            files="[\\/]src[\\/]test[\\/]java[\\/]com[\\/]puppycrawl[\\/]tools[\\/]checkstyle[\\/]checks[\\/]naming[\\/]LambdaParameterNameCheckTest.java"/>
  <suppress id="ImportControlTest"
            files="[\\/]src[\\/]test[\\/]java[\\/]com[\\/]puppycrawl[\\/]tools[\\/]checkstyle[\\/]checks[\\/]naming[\\/]LocalFinalVariableNameCheckTest.java"/>
  <suppress id="ImportControlTest"
            files="[\\/]src[\\/]test[\\/]java[\\/]com[\\/]puppycrawl[\\/]tools[\\/]checkstyle[\\/]checks[\\/]naming[\\/]LocalVariableNameCheckTest.java"/>
  <suppress id="ImportControlTest"
            files="[\\/]src[\\/]test[\\/]java[\\/]com[\\/]puppycrawl[\\/]tools[\\/]checkstyle[\\/]checks[\\/]naming[\\/]MemberNameCheckTest.java"/>
  <suppress id="ImportControlTest"
            files="[\\/]src[\\/]test[\\/]java[\\/]com[\\/]puppycrawl[\\/]tools[\\/]checkstyle[\\/]checks[\\/]naming[\\/]MethodNameCheckTest.java"/>
  <suppress id="ImportControlTest"
            files="[\\/]src[\\/]test[\\/]java[\\/]com[\\/]puppycrawl[\\/]tools[\\/]checkstyle[\\/]checks[\\/]naming[\\/]MethodTypeParameterNameCheckTest.java"/>
  <suppress id="ImportControlTest"
            files="[\\/]src[\\/]test[\\/]java[\\/]com[\\/]puppycrawl[\\/]tools[\\/]checkstyle[\\/]checks[\\/]naming[\\/]PackageNameCheckTest.java"/>
  <suppress id="ImportControlTest"
            files="[\\/]src[\\/]test[\\/]java[\\/]com[\\/]puppycrawl[\\/]tools[\\/]checkstyle[\\/]checks[\\/]naming[\\/]ParameterNameCheckTest.java"/>
  <suppress id="ImportControlTest"
            files="[\\/]src[\\/]test[\\/]java[\\/]com[\\/]puppycrawl[\\/]tools[\\/]checkstyle[\\/]checks[\\/]naming[\\/]PatternVariableNameCheckTest.java"/>
  <suppress id="ImportControlTest"
            files="[\\/]src[\\/]test[\\/]java[\\/]com[\\/]puppycrawl[\\/]tools[\\/]checkstyle[\\/]checks[\\/]naming[\\/]RecordComponentNameCheckTest.java"/>
  <suppress id="ImportControlTest"
            files="[\\/]src[\\/]test[\\/]java[\\/]com[\\/]puppycrawl[\\/]tools[\\/]checkstyle[\\/]checks[\\/]naming[\\/]RecordTypeParameterNameCheckTest.java"/>
  <suppress id="ImportControlTest"
            files="[\\/]src[\\/]test[\\/]java[\\/]com[\\/]puppycrawl[\\/]tools[\\/]checkstyle[\\/]checks[\\/]naming[\\/]StaticVariableNameCheckTest.java"/>
  <suppress id="ImportControlTest"
            files="[\\/]src[\\/]test[\\/]java[\\/]com[\\/]puppycrawl[\\/]tools[\\/]checkstyle[\\/]checks[\\/]regexp[\\/]RegexpCheckTest.java"/>
  <suppress id="ImportControlTest"
            files="[\\/]src[\\/]test[\\/]java[\\/]com[\\/]puppycrawl[\\/]tools[\\/]checkstyle[\\/]checks[\\/]regexp[\\/]RegexpMultilineCheckTest.java"/>
  <suppress id="ImportControlTest"
            files="[\\/]src[\\/]test[\\/]java[\\/]com[\\/]puppycrawl[\\/]tools[\\/]checkstyle[\\/]checks[\\/]regexp[\\/]RegexpOnFilenameCheckTest.java"/>
  <suppress id="ImportControlTest"
            files="[\\/]src[\\/]test[\\/]java[\\/]com[\\/]puppycrawl[\\/]tools[\\/]checkstyle[\\/]checks[\\/]regexp[\\/]RegexpSinglelineCheckTest.java"/>
  <suppress id="ImportControlTest"
            files="[\\/]src[\\/]test[\\/]java[\\/]com[\\/]puppycrawl[\\/]tools[\\/]checkstyle[\\/]checks[\\/]regexp[\\/]RegexpSinglelineJavaCheckTest.java"/>
  <suppress id="ImportControlTest"
            files="[\\/]src[\\/]test[\\/]java[\\/]com[\\/]puppycrawl[\\/]tools[\\/]checkstyle[\\/]checks[\\/]sizes[\\/]AnonInnerLengthCheckTest.java"/>
  <suppress id="ImportControlTest"
            files="[\\/]src[\\/]test[\\/]java[\\/]com[\\/]puppycrawl[\\/]tools[\\/]checkstyle[\\/]checks[\\/]sizes[\\/]ExecutableStatementCountCheckTest.java"/>
  <suppress id="ImportControlTest"
            files="[\\/]src[\\/]test[\\/]java[\\/]com[\\/]puppycrawl[\\/]tools[\\/]checkstyle[\\/]checks[\\/]sizes[\\/]FileLengthCheckTest.java"/>
  <suppress id="ImportControlTest"
            files="[\\/]src[\\/]test[\\/]java[\\/]com[\\/]puppycrawl[\\/]tools[\\/]checkstyle[\\/]checks[\\/]sizes[\\/]LambdaBodyLengthCheckTest.java"/>
  <suppress id="ImportControlTest"
            files="[\\/]src[\\/]test[\\/]java[\\/]com[\\/]puppycrawl[\\/]tools[\\/]checkstyle[\\/]checks[\\/]sizes[\\/]MethodCountCheckTest.java"/>
  <suppress id="ImportControlTest"
            files="[\\/]src[\\/]test[\\/]java[\\/]com[\\/]puppycrawl[\\/]tools[\\/]checkstyle[\\/]checks[\\/]sizes[\\/]MethodLengthCheckTest.java"/>
  <suppress id="ImportControlTest"
            files="[\\/]src[\\/]test[\\/]java[\\/]com[\\/]puppycrawl[\\/]tools[\\/]checkstyle[\\/]checks[\\/]sizes[\\/]OuterTypeNumberCheckTest.java"/>
  <suppress id="ImportControlTest"
            files="[\\/]src[\\/]test[\\/]java[\\/]com[\\/]puppycrawl[\\/]tools[\\/]checkstyle[\\/]checks[\\/]sizes[\\/]ParameterNumberCheckTest.java"/>
  <suppress id="ImportControlTest"
            files="[\\/]src[\\/]test[\\/]java[\\/]com[\\/]puppycrawl[\\/]tools[\\/]checkstyle[\\/]checks[\\/]sizes[\\/]RecordComponentNumberCheckTest.java"/>
  <suppress id="ImportControlTest"
            files="[\\/]src[\\/]test[\\/]java[\\/]com[\\/]puppycrawl[\\/]tools[\\/]checkstyle[\\/]checks[\\/]whitespace[\\/]EmptyForInitializerPadCheckTest.java"/>
  <suppress id="ImportControlTest"
            files="[\\/]src[\\/]test[\\/]java[\\/]com[\\/]puppycrawl[\\/]tools[\\/]checkstyle[\\/]checks[\\/]whitespace[\\/]EmptyForIteratorPadCheckTest.java"/>
  <suppress id="ImportControlTest"
            files="[\\/]src[\\/]test[\\/]java[\\/]com[\\/]puppycrawl[\\/]tools[\\/]checkstyle[\\/]checks[\\/]whitespace[\\/]EmptyLineSeparatorCheckTest.java"/>
  <suppress id="ImportControlTest"
            files="[\\/]src[\\/]test[\\/]java[\\/]com[\\/]puppycrawl[\\/]tools[\\/]checkstyle[\\/]checks[\\/]whitespace[\\/]GenericWhitespaceCheckTest.java"/>
  <suppress id="ImportControlTest"
            files="[\\/]src[\\/]test[\\/]java[\\/]com[\\/]puppycrawl[\\/]tools[\\/]checkstyle[\\/]checks[\\/]whitespace[\\/]MethodParamPadCheckTest.java"/>
  <suppress id="ImportControlTest"
            files="[\\/]src[\\/]test[\\/]java[\\/]com[\\/]puppycrawl[\\/]tools[\\/]checkstyle[\\/]checks[\\/]whitespace[\\/]NoWhitespaceAfterCheckTest.java"/>
  <suppress id="ImportControlTest"
            files="[\\/]src[\\/]test[\\/]java[\\/]com[\\/]puppycrawl[\\/]tools[\\/]checkstyle[\\/]checks[\\/]whitespace[\\/]OperatorWrapCheckTest.java"/>
  <suppress id="ImportControlTest"
            files="[\\/]src[\\/]test[\\/]java[\\/]com[\\/]puppycrawl[\\/]tools[\\/]checkstyle[\\/]checks[\\/]whitespace[\\/]ParenPadCheckTest.java"/>
  <suppress id="ImportControlTest"
            files="[\\/]src[\\/]test[\\/]java[\\/]com[\\/]puppycrawl[\\/]tools[\\/]checkstyle[\\/]checks[\\/]whitespace[\\/]SeparatorWrapCheckTest.java"/>
  <suppress id="ImportControlTest"
            files="[\\/]src[\\/]test[\\/]java[\\/]com[\\/]puppycrawl[\\/]tools[\\/]checkstyle[\\/]checks[\\/]whitespace[\\/]SingleSpaceSeparatorCheckTest.java"/>
  <suppress id="ImportControlTest"
            files="[\\/]src[\\/]test[\\/]java[\\/]com[\\/]puppycrawl[\\/]tools[\\/]checkstyle[\\/]checks[\\/]whitespace[\\/]TypecastParenPadCheckTest.java"/>
  <suppress id="ImportControlTest"
            files="[\\/]src[\\/]test[\\/]java[\\/]com[\\/]puppycrawl[\\/]tools[\\/]checkstyle[\\/]checks[\\/]whitespace[\\/]WhitespaceAfterCheckTest.java"/>
  <suppress id="ImportControlTest"
            files="[\\/]src[\\/]test[\\/]java[\\/]com[\\/]puppycrawl[\\/]tools[\\/]checkstyle[\\/]checks[\\/]whitespace[\\/]WhitespaceAroundCheckTest.java"/>
  <suppress id="ImportControlTest"
            files="[\\/]src[\\/]test[\\/]java[\\/]com[\\/]puppycrawl[\\/]tools[\\/]checkstyle[\\/]filefilters[\\/]BeforeExecutionExclusionFileFilterTest.java"/>
  <suppress id="ImportControlTest"
            files="[\\/]src[\\/]test[\\/]java[\\/]com[\\/]puppycrawl[\\/]tools[\\/]checkstyle[\\/]filters[\\/]CsvFilterElementTest.java"/>
  <suppress id="ImportControlTest"
            files="[\\/]src[\\/]test[\\/]java[\\/]com[\\/]puppycrawl[\\/]tools[\\/]checkstyle[\\/]filters[\\/]IntMatchFilterElementTest.java"/>
  <suppress id="ImportControlTest"
            files="[\\/]src[\\/]test[\\/]java[\\/]com[\\/]puppycrawl[\\/]tools[\\/]checkstyle[\\/]filters[\\/]IntRangeFilterElementTest.java"/>
  <suppress id="ImportControlTest"
            files="[\\/]src[\\/]test[\\/]java[\\/]com[\\/]puppycrawl[\\/]tools[\\/]checkstyle[\\/]filters[\\/]SeverityMatchFilterTest.java"/>
  <suppress id="ImportControlTest"
            files="[\\/]src[\\/]test[\\/]java[\\/]com[\\/]puppycrawl[\\/]tools[\\/]checkstyle[\\/]filters[\\/]SuppressFilterElementTest.java"/>
  <suppress id="ImportControlTest"
            files="[\\/]src[\\/]test[\\/]java[\\/]com[\\/]puppycrawl[\\/]tools[\\/]checkstyle[\\/]filters[\\/]SuppressWithNearbyCommentFilterTest.java"/>
  <suppress id="ImportControlTest"
            files="[\\/]src[\\/]test[\\/]java[\\/]com[\\/]puppycrawl[\\/]tools[\\/]checkstyle[\\/]filters[\\/]SuppressWithPlainTextCommentFilterTest.java"/>
  <suppress id="ImportControlTest"
            files="[\\/]src[\\/]test[\\/]java[\\/]com[\\/]puppycrawl[\\/]tools[\\/]checkstyle[\\/]filters[\\/]SuppressionCommentFilterTest.java"/>
  <suppress id="ImportControlTest"
            files="[\\/]src[\\/]test[\\/]java[\\/]com[\\/]puppycrawl[\\/]tools[\\/]checkstyle[\\/]filters[\\/]SuppressionFilterTest.java"/>
  <suppress id="ImportControlTest"
            files="[\\/]src[\\/]test[\\/]java[\\/]com[\\/]puppycrawl[\\/]tools[\\/]checkstyle[\\/]filters[\\/]SuppressionXpathFilterTest.java"/>
  <suppress id="ImportControlTest"
            files="[\\/]src[\\/]test[\\/]java[\\/]com[\\/]puppycrawl[\\/]tools[\\/]checkstyle[\\/]filters[\\/]SuppressionXpathSingleFilterTest.java"/>
  <suppress id="ImportControlTest"
            files="[\\/]src[\\/]test[\\/]java[\\/]com[\\/]puppycrawl[\\/]tools[\\/]checkstyle[\\/]filters[\\/]SuppressionsLoaderTest.java"/>
  <suppress id="ImportControlTest"
            files="[\\/]src[\\/]test[\\/]java[\\/]com[\\/]puppycrawl[\\/]tools[\\/]checkstyle[\\/]filters[\\/]XpathFilterElementTest.java"/>
  <suppress id="ImportControlTest"
            files="[\\/]src[\\/]test[\\/]java[\\/]com[\\/]puppycrawl[\\/]tools[\\/]checkstyle[\\/]grammar[\\/]AstRegressionTest.java"/>
  <suppress id="ImportControlTest"
            files="[\\/]src[\\/]test[\\/]java[\\/]com[\\/]puppycrawl[\\/]tools[\\/]checkstyle[\\/]grammar[\\/]GeneratedJavaTokenTypesTest.java"/>
  <suppress id="ImportControlTest"
            files="[\\/]src[\\/]test[\\/]java[\\/]com[\\/]puppycrawl[\\/]tools[\\/]checkstyle[\\/]grammar[\\/]comments[\\/]AllBlockCommentsTest.java"/>
  <suppress id="ImportControlTest"
            files="[\\/]src[\\/]test[\\/]java[\\/]com[\\/]puppycrawl[\\/]tools[\\/]checkstyle[\\/]grammar[\\/]comments[\\/]AllSinglelineCommentsTest.java"/>
  <suppress id="ImportControlTest"
            files="[\\/]src[\\/]test[\\/]java[\\/]com[\\/]puppycrawl[\\/]tools[\\/]checkstyle[\\/]grammar[\\/]comments[\\/]CommentsTest.java"/>
  <suppress id="ImportControlTest"
            files="[\\/]src[\\/]test[\\/]java[\\/]com[\\/]puppycrawl[\\/]tools[\\/]checkstyle[\\/]grammar[\\/]javadoc[\\/]GeneratedJavadocTokenTypesTest.java"/>
  <suppress id="ImportControlTest"
            files="[\\/]src[\\/]test[\\/]java[\\/]com[\\/]puppycrawl[\\/]tools[\\/]checkstyle[\\/]gui[\\/]CodeSelectorPresentationTest.java"/>
  <suppress id="ImportControlTest"
            files="[\\/]src[\\/]test[\\/]java[\\/]com[\\/]puppycrawl[\\/]tools[\\/]checkstyle[\\/]gui[\\/]MainFrameModelTest.java"/>
  <suppress id="ImportControlTest"
            files="[\\/]src[\\/]test[\\/]java[\\/]com[\\/]puppycrawl[\\/]tools[\\/]checkstyle[\\/]gui[\\/]ParseTreeTablePresentationTest.java"/>
  <suppress id="ImportControlTest"
            files="[\\/]src[\\/]test[\\/]java[\\/]com[\\/]puppycrawl[\\/]tools[\\/]checkstyle[\\/]internal[\\/]AllChecksTest.java"/>
  <suppress id="ImportControlTest"
            files="[\\/]src[\\/]test[\\/]java[\\/]com[\\/]puppycrawl[\\/]tools[\\/]checkstyle[\\/]internal[\\/]AllTestsTest.java"/>
  <suppress id="ImportControlTest"
            files="[\\/]src[\\/]test[\\/]java[\\/]com[\\/]puppycrawl[\\/]tools[\\/]checkstyle[\\/]internal[\\/]CommitValidationTest.java"/>
  <suppress id="ImportControlTest"
            files="[\\/]src[\\/]test[\\/]java[\\/]com[\\/]puppycrawl[\\/]tools[\\/]checkstyle[\\/]internal[\\/]XdocsJavaDocsTest.java"/>
  <suppress id="ImportControlTest"
            files="[\\/]src[\\/]test[\\/]java[\\/]com[\\/]puppycrawl[\\/]tools[\\/]checkstyle[\\/]internal[\\/]XdocsMobileWrapperTest.java"/>
  <suppress id="ImportControlTest"
            files="[\\/]src[\\/]test[\\/]java[\\/]com[\\/]puppycrawl[\\/]tools[\\/]checkstyle[\\/]internal[\\/]XdocsPagesTest.java"/>
  <suppress id="ImportControlTest"
            files="[\\/]src[\\/]test[\\/]java[\\/]com[\\/]puppycrawl[\\/]tools[\\/]checkstyle[\\/]internal[\\/]XpathRegressionTest.java"/>
  <suppress id="ImportControlTest"
            files="[\\/]src[\\/]test[\\/]java[\\/]com[\\/]puppycrawl[\\/]tools[\\/]checkstyle[\\/]internal[\\/]utils[\\/]XmlUtil.java"/>
  <suppress id="ImportControlTest"
            files="[\\/]src[\\/]test[\\/]java[\\/]com[\\/]puppycrawl[\\/]tools[\\/]checkstyle[\\/]meta[\\/]JavadocMetadataScraperTest.java"/>
  <suppress id="ImportControlTest"
            files="[\\/]src[\\/]test[\\/]java[\\/]com[\\/]puppycrawl[\\/]tools[\\/]checkstyle[\\/]utils[\\/]AnnotationUtilTest.java"/>
  <suppress id="ImportControlTest"
            files="[\\/]src[\\/]test[\\/]java[\\/]com[\\/]puppycrawl[\\/]tools[\\/]checkstyle[\\/]utils[\\/]BlockCommentPositionTest.java"/>
  <suppress id="ImportControlTest"
            files="[\\/]src[\\/]test[\\/]java[\\/]com[\\/]puppycrawl[\\/]tools[\\/]checkstyle[\\/]utils[\\/]ChainedPropertyUtilTest.java"/>
  <suppress id="ImportControlTest"
            files="[\\/]src[\\/]test[\\/]java[\\/]com[\\/]puppycrawl[\\/]tools[\\/]checkstyle[\\/]utils[\\/]CheckUtilTest.java"/>
  <suppress id="ImportControlTest"
            files="[\\/]src[\\/]test[\\/]java[\\/]com[\\/]puppycrawl[\\/]tools[\\/]checkstyle[\\/]utils[\\/]CommonUtilTest.java"/>
  <suppress id="ImportControlTest"
            files="[\\/]src[\\/]test[\\/]java[\\/]com[\\/]puppycrawl[\\/]tools[\\/]checkstyle[\\/]utils[\\/]FilterUtilTest.java"/>
  <suppress id="ImportControlTest"
            files="[\\/]src[\\/]test[\\/]java[\\/]com[\\/]puppycrawl[\\/]tools[\\/]checkstyle[\\/]utils[\\/]JavadocUtilTest.java"/>
  <suppress id="ImportControlTest"
            files="[\\/]src[\\/]test[\\/]java[\\/]com[\\/]puppycrawl[\\/]tools[\\/]checkstyle[\\/]utils[\\/]ModuleReflectionUtilTest.java"/>
  <suppress id="ImportControlTest"
            files="[\\/]src[\\/]test[\\/]java[\\/]com[\\/]puppycrawl[\\/]tools[\\/]checkstyle[\\/]utils[\\/]ParserUtilTest.java"/>
  <suppress id="ImportControlTest"
            files="[\\/]src[\\/]test[\\/]java[\\/]com[\\/]puppycrawl[\\/]tools[\\/]checkstyle[\\/]utils[\\/]ScopeUtilTest.java"/>
  <suppress id="ImportControlTest"
            files="[\\/]src[\\/]test[\\/]java[\\/]com[\\/]puppycrawl[\\/]tools[\\/]checkstyle[\\/]utils[\\/]TokenUtilTest.java"/>
  <suppress id="ImportControlTest"
            files="[\\/]src[\\/]test[\\/]java[\\/]com[\\/]puppycrawl[\\/]tools[\\/]checkstyle[\\/]utils[\\/]XpathUtilTest.java"/>
  <suppress id="ImportControlTest"
            files="[\\/]src[\\/]test[\\/]java[\\/]com[\\/]puppycrawl[\\/]tools[\\/]checkstyle[\\/]xpath[\\/]AttributeNodeTest.java"/>
  <suppress id="ImportControlTest"
            files="[\\/]src[\\/]test[\\/]java[\\/]com[\\/]puppycrawl[\\/]tools[\\/]checkstyle[\\/]xpath[\\/]ElementNodeTest.java"/>
  <suppress id="ImportControlTest"
            files="[\\/]src[\\/]test[\\/]java[\\/]com[\\/]puppycrawl[\\/]tools[\\/]checkstyle[\\/]xpath[\\/]RootNodeTest.java"/>
  <suppress id="ImportControlTest"
            files="[\\/]src[\\/]test[\\/]java[\\/]com[\\/]puppycrawl[\\/]tools[\\/]checkstyle[\\/]xpath[\\/]XpathMapperTest.java"/>
  <suppress id="ImportControlTest"
            files="[\\/]src[\\/]test[\\/]java[\\/]com[\\/]puppycrawl[\\/]tools[\\/]checkstyle[\\/]xpath[\\/]XpathQueryGeneratorTest.java"/>

  <!-- required by JavaAstVisitor design -->
  <suppress checks="MethodCount"
            files="[\\/]src[\\/]main[\\/]java[\\/]com[\\/]puppycrawl[\\/]tools[\\/]checkstyle[\\/]JavaAstVisitor.java"/>
  <suppress checks="FileLength"
            files="[\\/]src[\\/]main[\\/]java[\\/]com[\\/]puppycrawl[\\/]tools[\\/]checkstyle[\\/]JavaAstVisitor.java"/>
  <suppress checks="ClassFanOutComplexity"
            files="[\\/]src[\\/]main[\\/]java[\\/]com[\\/]puppycrawl[\\/]tools[\\/]checkstyle[\\/]JavaAstVisitor.java"/>

  <!-- DetailAST API requires large number of methods -->
  <suppress checks="MethodCount"
            files="[\\/]src[\\/]main[\\/]java[\\/]com[\\/]puppycrawl[\\/]tools[\\/]checkstyle[\\/]DetailAstImpl.java"/>
</suppressions>
