<?xml version="1.0" encoding="UTF-8"?>
  <FindBugsFilter
              xmlns="https://github.com/spotbugs/filter/3.0.0"
              xmlns:xsi="http://www.w3.org/2001/XMLSchema-instance"
              xsi:schemaLocation="https://github.com/spotbugs/filter/3.0.0 https://raw.githubusercontent.com/spotbugs/spotbugs/3.1.0/spotbugs/etc/findbugsfilter.xsd">
  <Match>
		<Or>
			<Package name="net.sf.jsqlparser.parser" />
			<Source name="*java/test/*" />
			<Not>
				<Confidence value="1" />
			</Not>
		</Or>
  </Match>
</FindBugsFilter>